BALANCE,BALANCE_FREQUENCY,PURCHASES,ONEOFF_PURCHASES,INSTALLMENTS_PURCHASES,CASH_ADVANCE,PURCHASES_FREQUENCY,ONEOFF_PURCHASES_FREQUENCY,PURCHASES_INSTALLMENTS_FREQUENCY,CASH_ADVANCE_FREQUENCY,CASH_ADVANCE_TRX,PURCHASES_TRX,CREDIT_LIMIT,PAYMENTS,MINIMUM_PAYMENTS,PRC_FULL_PAYMENT,TENURE
40.900749,0.818182,95.4,0,95.4,0,0.166667,0,0.083333,0,0,2,1000,201.802084,139.509787,0,12
3202.467416,0.909091,0,0,0,6442.945483,0,0,0,0.25,4,0,7000,4103.032597,1072.340217,0.222222,12
2495.148862,1,773.17,773.17,0,0,1,1,0,0,0,12,7500,622.066742,627.284787,0,12
1666.670542,0.636364,1499,1499,0,205.788017,0.083333,0.083333,0,0.083333,1,1,7500,0,,0,12
817.714335,1,16,16,0,0,0.083333,0.083333,0,0,0,1,1200,678.334763,244.791237,0,12
1809.828751,1,1333.28,0,1333.28,0,0.666667,0,0.583333,0,0,8,1800,1400.05777,2407.246035,0,12
627.260806,1,7091.01,6402.63,688.38,0,1,1,1,0,0,64,13500,6354.314328,198.065894,1,12
1823.652743,1,436.2,0,436.2,0,1,0,1,0,0,12,2300,679.065082,532.03399,0,12
1014.926473,1,861.49,661.49,200,0,0.333333,0.083333,0.25,0,0,5,7000,688.278568,311.963409,0,12
152.225975,0.545455,1281.6,1281.6,0,0,0.166667,0.166667,0,0,0,3,11000,1164.770591,100.302262,0,12
1293.124939,1,920.12,0,920.12,0,1,0,1,0,0,12,1200,1083.301007,2172.697765,0,12
630.794744,0.818182,1492.18,1492.18,0,0,0.25,0.25,0,0,0,6,2000,705.618627,155.549069,0,12
1516.92862,1,3217.99,2500.23,717.76,0,1,0.25,0.916667,0,0,26,3000,608.263689,490.207013,0.25,12
921.693369,1,2137.93,419.96,1717.97,0,0.75,0.166667,0.75,0,0,26,7500,1655.891435,251.137986,0.083333,12
2772.772734,1,0,0,0,346.81139,0,0,0,0.083333,1,0,3000,805.647974,989.962866,0,12
6886.213231,1,1611.7,0,1611.7,2301.491267,0.5,0,0.5,0.166667,4,11,8000,1993.439277,2109.90649,0,12
2072.074354,0.875,0,0,0,2784.274703,0,0,0,0.25,3,0,3000,391.974562,376.579631,0,8
41.089489,0.454545,519,0,519,0,0.416667,0,0.333333,0,0,8,2500,254.590662,73.203221,0.25,12
1989.072228,1,504.35,166,338.35,0,0.666667,0.083333,0.583333,0,0,9,13000,1720.837373,744.613395,0,12
3577.970933,1,398.64,0,398.64,0,1,0,1,0,0,12,4000,1053.980464,12465.54938,0,12
2016.684686,1,176.68,0,176.68,0,0.666667,0,0.666667,0,0,8,2000,223.0686,13557.29726,0,12
6369.531318,1,6359.95,5910.04,449.91,229.028245,1,0.916667,1,0.333333,6,92,11250,2077.959051,1659.775075,0,12
132.34224,0.636364,815.9,0,815.9,0,1,0,1,0,0,17,1800,2359.629958,86.329554,0,12
3800.151377,0.818182,4248.35,3454.56,793.79,7974.415626,1,0.083333,0.916667,0.333333,13,13,9000,9479.043842,1425.426525,0,12
5368.571219,1,0,0,0,798.949863,0,0,0,0.363636,4,0,6000,1422.726707,1657.002877,0,11
169.781679,1,399.6,0,399.6,0,1,0,1,0,0,12,3000,215.306142,163.005536,0,12
1615.96724,1,102,102,0,244.840485,0.166667,0.166667,0,0.25,5,2,1700,890.178845,971.183209,0,12
125.694817,1,233.28,0,233.28,0,1,0,1,0,0,12,1000,207.773715,164.748819,0,12
7152.864372,1,387.05,204.55,182.5,2236.145259,0.666667,0.166667,0.416667,0.833333,16,8,10500,1601.448347,1648.851345,0,12
22.06349,1,100,0,100,0,0.416667,0,0.416667,0,0,5,6900,160.767773,159.684442,0,12
12136.21996,1,3038.01,1013.2,2024.81,3183.583301,1,0.166667,1,0.5,10,64,13000,4230.323491,3292.01503,0,12
1162.273324,1,1347.71,400,947.71,175.815755,1,0.083333,1,0.166667,2,45,6000,645.998299,256.848991,0,12
6732.823064,1,324.95,324.95,0,1189.533753,0.083333,0.083333,0,0.166667,3,3,10500,1720.118876,2506.745366,0,12
125.660453,1,636.79,636.79,0,0,0.916667,0.916667,0,0,0,11,1200,423.449696,196.301885,0.3,12
3517.101616,0.727273,547.28,0,547.28,0,1,0,1,0,0,14,11000,8735.607835,17862.55831,0,12
1656.350781,1,0,0,0,99.264367,0,0,0,0.083333,1,0,1800,351.500199,634.569311,0,12
7427.076941,1,0,0,0,8873.375046,0,0,0,0.727273,11,0,9000,1636.361601,1986.843608,0,11
4047.480828,1,2380.55,1642.17,738.38,1697.660901,0.75,0.5,0.75,0.333333,7,41,5000,1617.894416,1541.141605,0,12
6269.418144,1,204,204,0,2925.699862,0.083333,0.083333,0,0.333333,12,2,9000,1237.111661,2049.408839,0,12
1411.60223,0.454545,963.24,963.24,0,6173.682877,0.083333,0.083333,0,0.333333,6,6,7500,20071.07544,719.948985,0.333333,12
663.44781,0.727273,0,0,0,3133.063934,0,0,0,0.25,3,0,1800,3067.05783,283.333445,0.166667,12
784.889762,0.909091,1526.59,786.3,740.29,2188.419607,0.583333,0.416667,0.333333,0.25,11,27,3000,1262.309666,363.142736,0.111111,12
4104.710798,1,203.82,203.82,0,0,0.083333,0.083333,0,0,0,1,4500,868.275275,1801.264841,0,12
1360.742377,1,0,0,0,1481.587093,0,0,0,0.083333,1,0,1500,378.294227,321.354137,0,12
5315.945594,1,1525.44,469.8,1055.64,0,1,0.333333,1,0,0,20,8500,1430.341501,1318.71492,0,12
2242.311686,1,437,97,340,184.648692,0.333333,0.083333,0.333333,0.166667,2,5,2400,0,,0,12
474.447149,0.5,109.74,0,109.74,1013.659552,0.375,0,0.25,0.125,1,3,1700,176.013005,147.199792,0,8
3910.111237,1,0,0,0,1980.873201,0,0,0,0.5,7,0,4200,0,,0,12
229.867179,1,2390.6,1402.93,987.67,0,1,0.666667,1,0,0,87,3300,2543.953559,175.657825,0.916667,12
863.809833,1,507.5,507.5,0,695.097159,0.166667,0.166667,0,0.083333,2,3,4000,587.866451,286.448719,0.083333,12
4931.331857,1,901.42,646.07,255.35,8530.648614,0.625,0.375,0.25,0.875,37,9,12000,8113.297346,1012.415961,0,8
1078.888565,1,3107.85,2221.74,886.11,0,0.666667,0.583333,0.5,0,0,18,2500,1399.82834,1322.446601,0,12
1565.681099,1,0,0,0,321.359135,0,0,0,0.25,3,0,3500,691.825279,581.481917,0,12
464.674156,0.888889,1979.22,1979.22,0,1981.265503,0.666667,0.666667,0,0.111111,1,11,3000,3110.052742,132.446091,0.2,9
6.660517,0.636364,310,0,310,0,0.666667,0,0.666667,0,0,8,1000,417.016763,,0,12
1311.995984,1,1283.9,1283.9,0,0,0.25,0.25,0,0,0,6,6000,0,,0,12
3625.218146,1,313.27,313.27,0,668.468743,0.25,0.25,0,0.416667,5,4,4000,0,,0,12
2386.330629,1,5217.62,4789.09,428.53,0,0.916667,0.916667,0.5,0,0,42,7500,5678.729613,1311.514878,0.083333,12
3971.138765,1,0,0,0,224.575517,0,0,0,0.181818,3,0,4000,764.938728,1600.212243,0,11
5493.90406,1,229,0,229,970.591332,0.416667,0,0.333333,0.333333,4,6,6000,2110.557023,1895.02617,0,12
1879.114033,0.727273,113,113,0,0,0.166667,0.166667,0,0,0,2,6500,3509.686561,548.105836,0,12
1555.793701,1,66.2,66.2,0,0,0.083333,0.083333,0,0,0,1,1600,338.083661,837.215674,0,12
809.582978,0.909091,0,0,0,3819.672466,0,0,0,0.545455,7,0,4150,4372.148648,241.645387,0.090909,11
7.152356,0.090909,840,840,0,0,0.083333,0.083333,0,0,0,1,1600,0,,0,12
1923.886805,1,1887.64,0,1887.64,1605.949371,1,0,1,0.083333,4,61,1850,3688.045998,3266.996777,0.083333,12
1758.059987,1,412.33,325.21,87.12,0,0.583333,0.333333,0.166667,0,0,11,1800,777.451648,897.905444,0,12
809.847455,0.875,0,0,0,908.423608,0,0,0,0.125,1,0,1500,146.074769,179.412493,0,8
1576.305029,1,0,0,0,382.908547,0,0,0,0.416667,6,0,2500,540.022225,352.883804,0,12
3990.523579,1,263.5,190.6,72.9,0,0.666667,0.083333,0.583333,0,0,8,6000,6876.836205,1001.607366,0.083333,12
1699.435486,1,1363.69,1363.69,0,0,0.333333,0.333333,0,0,0,4,1700,1623.816348,923.505868,0,12
5487.683724,1,419.1,0,419.1,625.399386,0.916667,0,0.833333,0.333333,4,11,6250,1288.214909,2180.881868,0,12
2990.422186,0.909091,4523.27,1664.09,2859.18,27296.48576,0.666667,0.5,0.583333,0.833333,27,33,7000,28232.69446,1107.030803,0.454545,12
656.01301,1,0,0,0,1474.349901,0,0,0,0.125,3,0,7000,910.457985,140.983193,0.25,8
1808.972419,1,713.9,503.08,210.82,0,0.5,0.1,0.4,0,0,8,2250,889.017418,622.757696,0,10
532.334517,0.909091,791.94,516.64,275.3,0,0.272727,0.090909,0.181818,0,0,7,6000,1305.177304,175.510344,0,11
5860.433624,1,561.87,249.5,312.37,0,0.833333,0.166667,0.75,0,0,14,6000,1990.044998,2161.428274,0,12
1727.638449,1,606.11,606.11,0,0,1,1,0,0,0,17,11000,2959.920544,623.656993,0,12
578.809679,1,320,0,320,0,0.75,0,0.666667,0,0,8,1500,1438.910569,190.186542,0,12
1205.716678,1,0,0,0,38.325801,0,0,0,0.083333,1,0,1200,29.278671,8242.687678,0,12
6593.820644,1,388.66,388.66,0,4621.93458,0.583333,0.583333,0,0.416667,7,7,7000,1624.583114,2503.40234,0,12
17.357563,0.909091,244.85,40.21,204.64,0,0.666667,0.166667,0.583333,0,0,13,5000,357.802082,121.523416,0.181818,12
81.584711,0.272727,0,0,0,2985.300006,0,0,0,0.166667,5,0,9500,116.569033,164.692136,0,12
3.78631,0.636364,133.05,28.2,104.85,0,0.416667,0.166667,0.25,0,0,5,12000,210.053432,99.533735,0.444444,12
42.46443,0.545455,396,0,396,0,0.5,0,0.416667,0,0,12,1200,725.606194,140.809454,1,12
1935.362486,1,4915.6,4515.34,400.26,293.844792,1,1,0.333333,0.083333,1,50,9000,4921.066897,594.756686,0,12
134.917202,1,1247.8,1247.8,0,0,1,1,0,0,0,22,16500,1275.229436,171.357189,1,12
7069.950386,1,1603.78,1445.14,158.64,5626.004046,1,0.833333,1,0.75,23,23,11000,4589.873897,1876.262988,0,12
8181.251131,1,2258.01,1318.78,939.23,5251.228934,1,0.75,1,0.75,21,60,13500,3021.575846,2074.581541,0,12
4037.305658,1,45,45,0,104.238064,0.083333,0.083333,0,0.083333,1,1,4500,1073.844885,968.941265,0,12
6110.265264,1,0,0,0,2717.253917,0,0,0,0.416667,14,0,6500,1502.205631,2864.380327,0,12
9381.255094,1,5100.07,1147.83,3952.24,370.737197,1,0.25,0.916667,0.083333,1,46,9000,6409.496345,9827.045323,0,12
1977.00709,1,1032.04,226.9,805.14,4335.919227,0.909091,0.090909,0.818182,0.545455,21,17,4000,3056.424974,910.707525,0.090909,11
1321.47608,1,45.65,45.65,0,495.657934,0.083333,0.083333,0,0.083333,1,1,1800,440.840439,312.560636,0,12
1307.717841,1,405.6,405.6,0,0,0.166667,0.166667,0,0,0,2,2400,0,,0,12
2329.485768,1,213.34,213.34,0,0,0.25,0.25,0,0,0,3,2400,0,,0,12
1139.782882,1,0,0,0,120.612912,0,0,0,0.083333,1,0,1200,151.823651,2906.110765,0,12
1619.955708,1,739.44,739.44,0,0,0.666667,0.666667,0,0,0,11,6000,417.128532,389.138517,0,12
3505.671311,1,0,0,0,1713.984305,0,0,0,0.5,6,0,4000,0,,0,12
4.708041,0.363636,79,0,79,0,0.25,0,0.166667,0,0,3,7000,217.820198,121.781205,1,12
0,0,0,0,0,89.849004,0,0,0,0.142857,1,0,3000,138.021428,,0,7
4.875885,0.666667,20,20,0,0,0.111111,0.111111,0,0,0,1,1500,26.487919,60.913577,0,9
23.394411,0.272727,1346.28,0,1346.28,0,1,0,1,0,0,12,2000,712.149153,54.79166,0,12
3539.801912,1,2823.8,1540.41,1283.39,0,0.916667,0.916667,0.833333,0,0,75,5700,9172.788366,2103.796148,0.083333,12
0.62424,0.090909,389.96,0,389.96,0,1,0,1,0,0,31,4500,0,,0,12
862.07238,1,0,0,0,920.309805,0,0,0,0.083333,1,0,4000,2236.890255,214.828158,0.083333,12
2441.542991,1,808,808,0,959.857263,0.25,0.25,0,0.333333,6,4,4000,532.741699,1026.976,0,12
408.656365,1,941.64,0,941.64,0,1,0,1,0,0,12,2500,1097.78942,176.610605,0.083333,12
4986.400804,1,0,0,0,5439.467563,0,0,0,0.583333,40,0,8000,1241.538024,1439.230899,0,12
1246.624558,1,423.7,177.64,246.06,412.399058,0.666667,0.166667,0.5,0.083333,2,10,2000,577.050373,498.365419,0,12
6644.201651,1,4478.75,2721.59,1757.16,7205.520805,1,0.916667,1,0.583333,21,64,9000,10857.94321,2469.571326,0.083333,12
156.216753,0.818182,1354.86,585.63,769.23,0,0.916667,0.333333,0.833333,0,0,34,5500,858.976682,108.319927,0,12
3393.351236,1,0,0,0,1008.348672,0,0,0,0.083333,2,0,4200,0,,0,12
5322.994094,1,2812.2,857.12,1955.08,2510.352951,1,0.25,1,0.333333,8,81,8500,1509.423237,1834.031569,0,12
6458.56209,1,0,0,0,3360.228794,0,0,0,0.25,11,0,7000,1277.76778,2760.115734,0,12
175.341651,0.818182,1508.9,1252.36,256.54,0,0.666667,0.416667,0.333333,0,0,14,5000,1884.227778,136.639824,1,12
680.195157,1,1045.57,667.95,377.62,0,1,0.583333,1,0,0,25,3000,552.432305,207.720441,0,12
223.763616,0.636364,2309.78,0,2309.78,0,0.583333,0,0.5,0,0,12,6500,1206.81188,99.372848,0.333333,12
1785.626943,1,0,0,0,576.206382,0,0,0,0.25,10,0,1800,687.691735,2439.136113,0,12
54.933231,0.272727,495,0,495,0,0.166667,0,0.166667,0,0,2,7000,1969.845566,147.049952,1,12
2662.629852,1,0,0,0,509.023801,0,0,0,0.333333,4,0,3000,932.418855,709.207016,0,12
8504.876253,1,6724.26,4100.08,2624.18,1686.599777,1,0.916667,1,0.5,10,85,17000,1888.756861,2167.446204,0,12
1464.324632,1,1174.39,1174.39,0,0,0.25,0.25,0,0,0,8,9000,0,,0,12
2114.158683,1,5580.85,0,5580.85,0,1,0,1,0,0,75,8500,3564.977774,630.00413,0,12
2876.396444,1,0,0,0,998.84867,0,0,0,0.166667,2,0,3200,1065.426905,1412.648089,0,12
14224.11541,1,0,0,0,4614.427403,0,0,0,0.333333,9,0,19000,3066.614272,3406.258999,0,12
2392.917738,1,12462.44,12462.44,0,0,0.916667,0.916667,0,0,0,217,2800,11628.71557,2000.990921,0,12
57.453201,0.75,0,0,0,272.713302,0,0,0,0.125,1,0,1200,385.853874,84.697292,0.166667,8
4245.855092,1,1957.3,1077.3,880,0,0.833333,0.166667,0.583333,0,0,19,5000,1004.35474,1086.428906,0,12
11167.23403,1,150.64,150.64,0,8362.154254,0.083333,0.083333,0,0.5,14,1,17000,2606.059389,2894.077159,0,12
69.405545,0.090909,0,0,0,2799.714934,0,0,0,0.083333,3,0,13000,0,,0,12
116.654149,0.272727,907,907,0,273.558033,0.25,0.25,0,0.083333,1,8,5000,0,,0,12
4637.848144,1,1271.12,351.54,919.58,0,0.833333,0.25,0.833333,0,0,33,5000,1906.032044,3572.279251,0,12
24.28497,0.636364,250.6,0,250.6,0,0.583333,0,0.5,0,0,7,3000,319.762903,173.632006,0,12
9354.06045,1,796.33,796.33,0,13748.47131,0.083333,0.083333,0,0.666667,16,1,13000,10664.65866,2600.875721,0.083333,12
231.108995,1,440,0,440,0,0.916667,0,0.916667,0,0,22,4000,554.116542,185.091037,0,12
1562.633343,1,1330.62,1169.63,160.99,0,0.5,0.166667,0.25,0,0,8,2000,1020.783647,709.610053,0,12
2494.868559,1,5491.79,1390.5,4101.29,0,1,0.5,1,0,0,52,17000,1015.311953,615.92402,0,12
706.132889,1,897.86,714.52,183.34,586.268966,0.916667,0.333333,0.916667,0.25,3,18,1200,972.358048,184.524376,0,12
19043.13856,1,22009.92,9449.07,12560.85,0,1,0.75,1,0,0,216,18000,23018.57583,18621.01331,0,12
2235.103331,1,720.6,720.6,0,723.308724,1,1,0,0.083333,1,12,2500,1061.292471,689.118919,0,12
947.13081,1,197.06,148.66,48.4,0,0.333333,0.25,0.166667,0,0,5,1000,492.200419,509.384182,0,12
764.042156,0.818182,0,0,0,1307.102516,0,0,0,0.166667,3,0,7500,1566.806897,172.959728,0,12
5347.814547,1,0,0,0,4002.353384,0,0,0,0.5,9,0,7000,0,,0,12
10598.46777,1,2084.48,1300.48,784,0,0.666667,0.416667,0.583333,0,0,13,21500,3219.621433,3068.125648,0,12
2163.678757,1,5779.36,3436.53,2342.83,0,1,1,1,0,0,97,6500,4416.41268,546.439139,0,12
3057.400553,1,1025,1025,0,0,0.083333,0.083333,0,0,0,2,7500,698.854095,819.682666,0,12
19.354559,0.909091,689.7,0,689.7,0,0.833333,0,0.833333,0,0,10,10000,746.691026,,0,12
264.811595,1,28.65,28.65,0,384.26178,0.083333,0.083333,0,0.083333,1,1,9000,1235.630069,194.324456,0.083333,12
1108.22253,0.909091,944.96,164.96,780,0,0.5,0.25,0.416667,0,0,9,1500,1955.198953,992.652486,0,12
906.573724,1,1039.2,80,959.2,103.102091,0.833333,0.083333,0.833333,0.083333,1,11,13500,1855.235407,468.196732,0.083333,12
7679.62904,1,4059.93,0,4059.93,555.469352,0.583333,0,0.5,0.166667,7,14,7000,3685.61062,12854.9397,0,12
1523.911458,1,4075.37,3322.28,753.09,0,1,1,1,0,0,31,6500,2254.26002,329.29648,0,12
49.206256,1,870.24,0,870.24,0,1,0,1,0,0,24,8000,835.839952,193.011166,1,12
13673.07961,1,9792.23,3959.81,5832.42,2444.445738,1,0.75,1,0.75,26,216,20000,11717.30794,6042.391629,0,12
106.455975,0.636364,2463.12,789.53,1673.59,0,1,0.5,1,0,0,46,4000,2573.722764,95.342224,0.636364,12
119.760904,0.363636,1859.34,0,1859.34,0,0.333333,0,0.25,0,0,4,20000,3104.275623,288.903628,0.25,12
5837.105453,1,3488.49,3262.25,226.24,3303.1523,1,1,0.5,0.75,15,46,7900,0,,0,12
1734.510004,1,0,0,0,66.275851,0,0,0,0.166667,2,0,1800,363.474455,2827.997525,0,12
2765.748281,1,7283.31,5087.31,2196,0,1,1,0.666667,0,0,77,11000,14373.3929,1058.128452,0.25,12
1046.37041,1,295,295,0,93.579809,0.083333,0.083333,0,0.083333,1,2,1200,439.407082,362.838185,0,12
2737.367678,1,0,0,0,429.691164,0,0,0,0.416667,5,0,3000,778.827993,721.798576,0,12
4014.818167,1,0,0,0,988.356213,0,0,0,0.083333,1,0,8500,1009.185035,1177.149934,0,12
871.568977,1,648.22,115,533.22,0,1,0.083333,1,0,0,27,1200,1110.886425,208.298424,0,12
1610.040203,1,557.19,525.64,31.55,0,0.25,0.083333,0.166667,0,0,5,4000,422.711848,616.005839,0,12
114.593817,1,469.98,0,469.98,0,1,0,0.833333,0,0,6,1000,367.109312,86.102479,0.5,6
5800.587339,1,0,0,0,369.950794,0,0,0,0.083333,1,0,6500,1346.365584,1972.526015,0,12
823.103926,0.363636,131.64,0,131.64,0,1,0,1,0,0,12,8000,2916.071564,243.199498,0,12
595.677343,1,5078.14,4330.53,747.61,1424.442602,0.916667,0.666667,0.75,0.083333,1,42,15000,4756.654374,241.894073,0.916667,12
1128.124563,1,924.6,0,924.6,0,1,0,1,0,0,12,1000,1202.711782,1747.037345,0,12
349.441102,1,1975.4,1393.5,581.9,0,0.666667,0.416667,0.333333,0,0,17,4000,1795.012223,167.219681,0,12
840.804076,0.666667,0,0,0,3671.777443,0,0,0,0.222222,5,0,4000,3621.266477,193.171404,0,9
975.942008,1,10221.35,7141.38,3079.97,1620.685551,1,1,0.833333,0.583333,18,130,10500,10693.49585,347.641073,0.75,12
23.111088,0.363636,300,0,300,0,0.25,0,0.166667,0,0,3,12500,291.948834,43.452683,0.181818,12
2187.732265,0.857143,0,0,0,3905.326256,0,0,0,0.285714,9,0,3000,1423.788603,461.365626,0.2,7
11972.01104,1,5715,4685.54,1029.46,1626.351366,1,1,1,0.166667,3,90,14000,4639.513745,3192.306018,0,12
1608.451822,1,0,0,0,205.737165,0,0,0,0.166667,2,0,1800,470.565984,408.799147,0,12
1872.926275,1,766.61,766.61,0,1017.120578,0.833333,0.833333,0,0.25,5,12,2300,0,,0,12
2933.240476,1,0,0,0,2040.433925,0,0,0,0.583333,13,0,3000,2431.578544,1739.74883,0,12
336.799916,1,3535.8,1614.7,1921.1,0,1,0.416667,0.916667,0,0,44,20000,2814.231227,186.230835,1,12
36.236312,0.454545,256.11,0,256.11,0,0.416667,0,0.416667,0,0,5,5300,831.375322,189.036967,0.166667,12
903.29781,1,2697.48,150.5,2546.98,0,1,0.333333,1,0,0,39,2500,1686.196344,303.361632,0,12
0,0,23,0,23,0,0.083333,0,0.083333,0,0,1,5000,0,,0,12
2881.253586,1,117,0,117,17661.49486,0.25,0,0.166667,0.75,28,3,4500,17301.83238,931.618475,0.166667,12
5.465999,0.090909,196.81,173,23.81,0,0.083333,0.083333,0.083333,0,0,3,12000,0,,0,12
117.442684,1,653.73,493,160.73,0,0.666667,0.416667,0.416667,0,0,15,10000,441.588141,136.827952,0,12
168.522709,0.818182,2009.05,0,2009.05,0,0.833333,0,0.75,0,0,22,1200,2612.760497,197.638558,0.142857,12
1706.014379,1,147.78,0,147.78,1657.090283,0.166667,0,0.166667,0.25,4,2,6000,1186.062765,374.595505,0,12
874.583247,1,516.54,159.07,357.47,0,1,0.333333,0.916667,0,0,30,900,579.749308,693.894717,0,12
861.001207,1,969.56,969.56,0,446.233197,0.416667,0.416667,0,0.083333,1,6,2400,0,,0,12
966.251742,1,311.45,311.45,0,955.959749,0.333333,0.333333,0,0.083333,1,15,1500,277.522439,286.299328,0,12
38.615644,0.727273,280.4,280.4,0,0,0.25,0.25,0,0,0,3,6150,254.392984,55.79974,0.090909,12
189.687964,1,66.14,66.14,0,0,0.083333,0.083333,0,0,0,2,6000,0,,0,12
40.417255,0.363636,79.2,79.2,0,1631.576375,0.083333,0.083333,0,0.083333,1,1,4000,1647.880773,24.815878,0.083333,12
5462.897068,1,1453.32,0,1453.32,0,0.5,0,0.5,0,0,18,16500,1382.269127,1755.253802,0,12
3983.923705,1,756.54,756.54,0,0,0.5,0.5,0,0,0,15,4000,1110.870941,1431.201171,0,12
5588.846272,1,3507.35,603.75,2903.6,0,0.916667,0.166667,0.833333,0,0,34,11500,1412.597253,1825.176503,0,12
281.170378,0.818182,3163.69,56.8,3106.89,0,0.75,0.083333,0.666667,0,0,36,8000,2422.911622,187.046284,0.888889,12
130.251538,0.909091,1343.19,1082.79,260.4,0,1,1,0.583333,0,0,33,15000,1043.55929,182.429461,0.545455,12
1973.814964,1,873,873,0,0,0.166667,0.166667,0,0,0,5,8000,541.722532,762.682834,0,12
5698.539876,1,47.55,0,47.55,2039.52804,0.166667,0,0.166667,0.75,14,2,6000,2976.579866,3463.174962,0,12
43.103899,0.454545,370,370,0,0,0.166667,0.166667,0,0,0,2,23000,1212.054219,68.725483,0,12
566.546048,0.909091,405.75,313.75,92,1044.651618,0.5,0.166667,0.416667,0.333333,6,12,2000,1249.835142,313.052687,0,12
24.527253,0.909091,261.64,0,261.64,0,0.833333,0,0.833333,0,0,10,4000,376.758504,169.78292,0.818182,12
8350.145568,1,1989.28,842.8,1146.48,893.757903,0.333333,0.166667,0.166667,0.083333,2,8,14000,4720.900413,2557.044576,0,12
4559.779234,1,10848.5,8208,2640.5,0,1,0.666667,1,0,0,123,7500,9423.715495,2925.275522,0,12
2.67713,0.090909,43.39,0,43.39,0,0.083333,0,0.083333,0,0,1,4000,130.107234,29.700051,0.090909,12
1570.682346,1,645.32,645.32,0,1665.331678,0.166667,0.166667,0,0.416667,9,2,1800,2591.391006,808.217224,0,12
7201.736985,1,987.1,862.1,125,5468.620604,0.333333,0.333333,0.083333,0.25,16,9,10500,1941.541158,2391.987571,0,12
6467.885013,1,1464.14,978.71,485.43,3947.86784,0.833333,0.583333,0.666667,0.416667,10,23,11500,1658.563509,1887.413517,0,12
64.080909,0.454545,927,600,327,0,0.25,0.083333,0.166667,0,0,4,5000,1260.16384,59.04439,0.222222,12
5635.860679,1,393.62,153.72,239.9,5933.467329,0.916667,0.916667,0.166667,0.75,24,15,10000,1919.630466,1731.549385,0,12
3670.50596,1,965.5,876.13,89.37,0,0.5,0.5,0.083333,0,0,9,7500,1034.932404,941.496383,0,12
2458.376257,0.818182,0,0,0,102.275984,0,0,0,0.083333,1,0,7500,4543.63481,647.20869,0,12
768.004936,1,336.41,336.41,0,0,0.75,0.75,0,0,0,9,6000,947.696134,217.027653,0,12
75.647479,0.727273,540,0,540,0,0.25,0,0.166667,0,0,3,4000,548.967281,48.659935,0,12
2.433254,0.181818,36,0,36,0,0.166667,0,0.083333,0,0,2,7500,0,,0,12
1121.730896,1,878.52,103.1,775.42,197.648111,1,0.166667,0.916667,0.083333,1,39,1500,542.836917,471.496776,0,12
7.56809,0.545455,144.26,67.08,77.18,0,0.333333,0.083333,0.166667,0,0,7,11500,134.710832,75.515008,0.111111,12
2053.441598,1,493.85,441.35,52.5,1738.33378,0.5,0.333333,0.25,0.833333,16,10,2000,2795.059574,2661.324808,0,12
2422.311938,1,4490.69,3456.25,1034.44,188.783221,1,0.916667,1,0.083333,1,52,8500,5763.666926,582.589765,0,12
9047.621884,1,11188.62,6099.16,5089.46,0,1,0.75,1,0,0,151,10000,11994.41815,8517.258683,0,12
3061.213971,1,1829.2,1792.7,36.5,0,1,1,0.083333,0,0,17,7000,971.234118,985.954762,0,12
41.642389,0.857143,75.99,75.99,0,0,0.142857,0.142857,0,0,0,1,2700,69.163384,99.401747,0,7
5431.622968,1,1824.16,1598.56,225.6,0,1,0.916667,0.75,0,0,23,14500,1508.016452,1370.519926,0,12
6571.484039,1,9325.22,9325.22,0,0,0.333333,0.333333,0,0,0,5,8500,11036.72668,1824.680131,0,12
28.461629,1,100,100,0,0,0.083333,0.083333,0,0,0,1,4000,125.769169,104.857518,0,12
4178.625215,1,1431.89,430.69,1001.2,0,1,0.416667,0.833333,0,0,39,4000,2384.542045,3868.70983,0,12
3019.019487,1,2260.41,1356.33,904.08,0,0.833333,0.416667,0.75,0,0,25,8500,2187.930651,739.224894,0,12
1.045584,0.333333,0,0,0,466.643895,0,0,0,0.111111,1,0,1200,1068.581252,25.537,0.5,9
2723.369217,0.909091,10410.49,1158.84,9251.65,0,0.75,0.666667,0.583333,0,0,41,19500,9695.650901,726.696049,0.363636,12
1070.999446,1,990.7,482,508.7,0,0.75,0.25,0.583333,0,0,13,1400,505.317328,438.324017,0,12
279.608696,1,3034.92,0,3034.92,0,1,0,1,0,0,12,2900,2928.909865,2733.317012,0.083333,12
1255.901821,1,1038.81,1038.81,0,1092.634704,0.916667,0.916667,0,0.083333,1,21,5700,1215.454299,422.331098,0,12
2229.857287,1,45.65,45.65,0,0,0.083333,0.083333,0,0,0,1,2500,542.7463,628.211031,0,12
2363.489077,1,2641.98,1386.3,1255.68,263.884743,0.833333,0.666667,0.75,0.083333,1,41,3000,1839.928884,1075.456585,0,12
4014.388265,1,1189.52,1189.52,0,0,1,1,0,0,0,12,8000,0,,0,12
7623.224897,1,300,0,300,2800.728343,0.5,0,0.416667,0.25,3,6,12000,1975.974183,1774.584333,0,12
3421.571922,1,126.69,42.88,83.81,154.341344,0.333333,0.083333,0.25,0.083333,1,5,10500,2515.435738,975.504012,0,12
48.898611,0.545455,247.09,0,247.09,182.357669,0.5,0,0.416667,0.166667,3,7,5500,409.594792,69.921472,0,12
1874.716289,1,301.1,83,218.1,0,0.583333,0.166667,0.333333,0,0,10,1950,586.974046,1089.040271,0,12
3215.511032,0.818182,1112.2,1112.2,0,7616.064965,0.25,0.25,0,0.25,4,4,7200,0,,0,12
237.235398,0.636364,2410.07,1670.5,739.57,0,0.5,0.083333,0.333333,0,0,15,4000,3773.727455,169.879335,1,12
1272.927288,1,5350.19,4783.34,566.85,0,1,1,0.916667,0,0,101,8000,5825.602115,318.305326,0.166667,12
558.476701,1,630.03,630.03,0,0,0.090909,0.090909,0,0,0,1,5500,426.092563,213.369694,0,11
2814.207626,1,3197.24,2080.02,1117.22,0,1,0.666667,1,0,0,49,3000,3574.480603,1328.897516,0,12
8.061012,0.363636,133,0,133,0,0.25,0,0.166667,0,0,3,3000,130.61272,41.436595,0.181818,12
435.862142,1,1646.16,1023.42,622.74,0,1,0.583333,0.75,0,0,33,12000,1055.835407,236.619362,0,12
6.390383,1,79.66,0,79.66,0,1,0,1,0,0,12,1500,75.896288,75.967742,0,12
9612.21512,1,319.92,0,319.92,13439.5704,1,0,1,0.416667,12,12,12000,10993.89211,2501.560923,0,12
7938.559134,1,3677.52,3543.73,133.79,0,1,1,0.5,0,0,98,12500,2657.856602,1912.298544,0,12
2344.478291,1,1041.63,1041.63,0,4003.968939,0.25,0.25,0,0.333333,6,14,4000,3033.665478,716.70488,0,12
996.48222,1,675.96,0,675.96,0,1,0,1,0,0,12,1000,1851.602411,1382.292833,0.083333,12
19.508047,1,193.14,0,193.14,0,0.416667,0,0.416667,0,0,5,2000,220.46377,71.965063,0.25,12
185.640313,1,1703.23,1703.23,0,0,1,1,0,0,0,13,11500,1449.039414,183.298253,1,12
5335.302925,1,0,0,0,468.958688,0,0,0,0.166667,2,0,6000,1350.318606,1249.937085,0,12
22.189283,0.363636,234.16,0,234.16,0,0.363636,0,0.272727,0,0,4,1500,479.910499,149.977816,0.5,11
5.871769,0.818182,29.68,29.68,0,0,0.083333,0.083333,0,0,0,1,10000,76.943584,75.595199,0,12
1049.496471,1,1322.67,1096.71,225.96,774.260436,0.833333,0.75,0.416667,0.25,6,28,11000,802.38543,229.655091,0,12
5570.190127,1,1607.88,0,1607.88,0,1,0,1,0,0,84,13500,1583.411686,2216.638394,0,12
1668.591831,1,0,0,0,1716.941235,0,0,0,0.166667,5,0,1800,2166.981163,568.063083,0.083333,12
2224.590946,0.818182,3183,3183,0,0,0.166667,0.166667,0,0,0,2,9000,3823.346244,629.080506,0,12
2903.781184,1,3014.23,1340.34,1673.89,103.610197,1,0.833333,1,0.083333,1,93,4500,1350.370286,655.633916,0,12
2041.480046,1,7323.38,4944.88,2378.5,191.331735,1,0.833333,0.75,0.083333,1,81,3000,3792.095079,1737.893866,0.083333,12
7755.698607,1,8533.54,4072.76,4460.78,7540.30735,1,0.5,0.833333,0.5,12,72,10000,4758.209146,7256.951816,0,6
614.263149,0.727273,408.93,74.8,334.13,0,0.5,0.083333,0.5,0,0,10,9000,2161.153147,312.343947,0,12
8097.334733,1,3999.92,200,3799.92,0,1,0.083333,1,0,0,14,7500,5624.074339,9952.672511,0,12
1082.33027,1,2980.46,657.78,2322.68,0,1,0.5,1,0,0,50,6000,1116.967993,289.439818,0,12
2734.66412,1,560.73,560.73,0,0,0.916667,0.916667,0,0,0,11,7500,717.798364,670.049653,0,12
80.708806,1,569.9,569.9,0,0,0.166667,0.166667,0,0,0,3,9500,634.000055,92.012927,0.083333,12
2554.525229,1,6186.77,6099.08,87.69,1898.690655,0.916667,0.75,0.25,0.083333,1,38,10950,11198.92613,608.36886,0.083333,12
535.947221,1,4550.81,3016.98,1533.83,438.469118,1,0.916667,1,0.083333,1,99,8500,4317.191232,208.73456,0.916667,12
3905.365959,1,150.8,150.8,0,1659.19931,0.166667,0.166667,0,0.416667,5,2,7500,990.524408,989.783286,0,12
156.278339,1,1385.1,1005.1,380,0,1,0.5,0.75,0,0,21,14000,1280.473571,193.369942,0.833333,12
5131.319584,1,32539.78,26547.43,5992.35,0,1,1,1,0,0,98,11500,26652.34432,1971.129435,0.083333,12
5265.763713,1,410.24,44.71,365.53,15452.97758,0.916667,0.083333,0.916667,0.333333,13,21,16500,12005.3074,1055.547896,0.083333,12
2.564117,0.181818,47.95,47.95,0,0,0.083333,0.083333,0,0,0,1,1500,294.507498,86.245988,0,12
1873.084577,1,126.57,126.57,0,181.139378,0.25,0.25,0,0.083333,1,4,2100,483.557464,524.426392,0,12
32.124999,0.272727,380.89,380.89,0,0,0.083333,0.083333,0,0,0,1,5700,0,,0,12
1473.495809,1,414,0,414,0,0.75,0,0.666667,0,0,9,10500,5863.94034,570.250342,0.5,12
1504.82705,1,2010,630,1380,1189.292764,1,0.166667,1,0.083333,1,14,8500,859.829946,479.831475,0,12
7645.108427,1,4693.15,4332.65,360.5,0,0.5,0.416667,0.333333,0,0,12,13500,4786.64868,1741.158024,0,12
1129.33758,1,498.96,0,498.96,72.259355,1,0,1,0.083333,1,12,1000,829.505486,1623.389428,0,12
668.956687,1,224.2,148.12,76.08,0,0.583333,0.083333,0.416667,0,0,9,9500,568.336995,272.270427,0,12
2302.184366,1,2856.57,922.84,1933.73,0,1,0.25,1,0,0,62,2500,2914.419813,2173.680619,0,12
272.711518,0.818182,0,0,0,682.156051,0,0,0,0.083333,2,0,3000,2755.877257,144.621645,0.181818,12
4246.430225,1,0,0,0,9270.408108,0,0,0,0.666667,16,0,7000,6010.525656,1793.262654,0.083333,12
2420.761135,1,0,0,0,567.233798,0,0,0,0.083333,2,0,3000,871.713321,609.206784,0,12
2935.324966,1,409.63,351.87,57.76,1876.241162,0.583333,0.583333,0.083333,0.25,4,12,5000,580.13865,1114.588285,0,12
83.148283,0.636364,843.34,843.34,0,0,0.5,0.5,0,0,0,17,6500,1024.267592,122.850835,0.5,12
5469.851311,1,0,0,0,512.792701,0,0,0,0.166667,3,0,6000,1362.966798,2019.027883,0,12
280.142117,1,2236.49,758.52,1477.97,0,1,1,0.666667,0,0,34,10000,1986.838064,233.614975,1,12
5790.930626,1,464.51,399.41,65.1,2516.727082,0.416667,0.25,0.166667,0.166667,6,10,6000,1515.594331,2092.915898,0,12
3605.714046,1,1779,1779,0,0,0.166667,0.166667,0,0,0,2,5000,856.05828,761.012234,0,12
3992.261885,1,0,0,0,348.834361,0,0,0,0.583333,9,0,4000,1057.678259,1229.820066,0,12
41.833264,1,456.36,0,456.36,0,1,0,0.916667,0,0,14,6000,370.996177,163.287618,0.333333,12
635.090434,0.818182,5758.71,2252.37,3506.34,0,0.75,0.25,0.75,0,0,48,2900,7943.57021,197.416104,1,12
1521.1681,1,245.98,245.98,0,2792.67597,0.166667,0.166667,0,0.25,3,2,6000,2261.523522,388.258009,0,12
5547.092593,1,0,0,0,3298.958165,0,0,0,0.083333,2,0,12000,1786.142816,1351.998523,0,12
2503.107213,1,733.9,733.9,0,0,1,1,0,0,0,13,3000,1620.193277,857.535876,0,12
191.450711,1,1641.07,1641.07,0,380.972341,0.666667,0.666667,0,0.083333,1,15,500,1583.918811,137.046292,0.636364,12
3621.70204,1,674.73,674.73,0,1684.957411,0.25,0.25,0,0.166667,8,12,4000,1139.058595,1403.477006,0,12
2762.479434,1,2702.47,1526.31,1176.16,0,1,0.25,1,0,0,27,11000,7596.768364,1013.086448,0.083333,12
4338.606862,1,0,0,0,1817.569093,0,0,0,0.083333,4,0,8000,8019.800702,964.118618,0,12
388.873921,0.727273,1579.15,1462.35,116.8,0,0.583333,0.5,0.25,0,0,15,2700,451.600059,199.955286,0,12
9261.310686,1,0,0,0,8603.045938,0,0,0,0.416667,10,0,11000,1933.413908,2576.552758,0,12
208.131845,1,2161.38,451.5,1709.88,0,1,0.166667,1,0,0,41,4500,2059.879468,165.05215,1,12
169.088238,1,1482.19,446.07,1036.12,0,1,0.583333,0.666667,0,0,26,6000,1289.570234,173.686552,0.666667,12
133.911556,1,1446.05,544.45,901.6,0,1,0.083333,1,0,0,16,3500,1364.121036,186.240772,0.833333,12
1613.34907,0.909091,0,0,0,1606.322681,0,0,0,0.181818,3,0,4500,312.433361,648.139459,0,11
566.908563,1,397.06,303.7,93.36,0,0.666667,0.166667,0.583333,0,0,12,2100,0,,0,12
53.208422,1,498.17,459.02,39.15,0,0.916667,0.916667,0.083333,0,0,14,15000,611.606459,162.94308,0.909091,12
1329.967543,1,2009.12,1296.68,712.44,1763.794583,1,1,1,0.25,10,36,2500,2715.972095,956.330023,0,12
515.904786,1,5359.02,2399.78,2959.24,0,1,1,1,0,0,60,6000,0,,0,12
927.041961,1,0,0,0,402.974164,0,0,0,0.333333,5,0,1000,719.974244,339.553093,0,12
1872.767651,1,0,0,0,3394.509419,0,0,0,0.166667,3,0,5500,1151.721386,627.015802,0,12
185.396312,1,0,0,0,842.456926,0,0,0,0.363636,7,0,1000,117.542764,137.6915,0,11
4823.822993,0.857143,0,0,0,6481.300951,0,0,0,0.142857,4,0,7000,863.62306,1148.631716,0,7
994.105777,1,126.2,126.2,0,0,0.833333,0.833333,0,0,0,10,1950,314.302968,417.290247,0,12
40.089221,1,225,0,225,0,1,0,1,0,0,12,1500,325.578502,286.122587,0.166667,12
0.478714,0.090909,734.97,159,575.97,0,0.833333,0.083333,0.75,0,0,16,6000,1159.135064,,0,12
4732.37354,1,14.95,0,14.95,2173.356068,0.083333,0,0.083333,0.416667,11,1,5700,1289.284068,1172.289863,0,12
9206.811696,1,874.98,350,524.98,4653.693195,0.75,0.083333,0.666667,0.333333,9,16,12500,2055.100879,2199.077716,0,12
6719.376505,1,0,0,0,2443.262416,0,0,0,0.333333,7,0,7500,1493.089193,2488.976669,0,12
2233.074041,1,445.2,445.2,0,0,0.166667,0.166667,0,0,0,4,8000,1042.991769,579.587654,0,12
1867.649838,1,0,0,0,3264.573342,0,0,0,0.666667,9,0,4500,476.162309,401.970276,0,12
57.842746,1,689.34,0,689.34,0,1,0,1,0,0,24,1500,453.842413,148.28357,0.333333,12
4194.033835,0.727273,2006.87,420.6,1586.27,0,0.666667,0.083333,0.666667,0,0,26,21000,19714.09728,1479.309409,0.1,12
2459.862339,1,678,678,0,927.25167,1,1,0,0.25,4,12,2500,1926.31853,1933.173023,0,12
850.630114,1,0.05,0.05,0,1700.634586,0.083333,0.083333,0,0.333333,7,1,1000,1084.281127,367.409536,0,12
353.198215,1,3085.69,3032.97,52.72,0,1,1,0.083333,0,0,21,8500,2690.525687,192.66679,1,12
2669.160638,1,0,0,0,142.141325,0,0,0,0.166667,2,0,3000,642.777061,1122.076137,0,12
92.440743,0.909091,1080,1080,0,0,0.75,0.75,0,0,0,12,6000,1077.058667,169.005281,1,12
706.675991,1,2721.16,2417.41,303.75,0,1,0.5,1,0,0,32,6500,4952.900653,280.821958,0.083333,12
361.319366,1,3095.96,1383.56,1712.4,0,1,0.916667,0.833333,0,0,32,14000,4003.782858,197.186568,0.583333,12
2324.086254,0.909091,0,0,0,1600.758078,0,0,0,0.909091,13,0,2300,2147.890523,2077.873573,0,11
2922.487907,1,71.07,0,71.07,3595.158425,0.25,0,0.166667,0.166667,9,3,9500,9226.751112,797.250949,0,12
98.364739,0.181818,65,0,65,0,0.166667,0,0.166667,0,0,2,1200,718.794328,53.655347,0,12
498.208616,1,4786.61,4397.64,388.97,0,0.916667,0.833333,0.5,0,0,61,9000,3805.669705,163.459999,1,12
16.93339,0.454545,174.42,0,174.42,0,0.333333,0,0.25,0,0,5,2500,347.08638,149.301101,0.75,12
3355.631092,1,242.88,0,242.88,0,1,0,1,0,0,12,13500,6084.115091,890.639118,0.090909,12
907.982017,1,216.94,216.94,0,1011.997944,0.166667,0.166667,0,0.166667,5,3,3200,222.02316,300.210049,0,12
1132.386178,0.454545,2246.3,2246.3,0,14048.07181,0.333333,0.333333,0,0.416667,20,8,6000,32048.6122,406.790252,0.8,12
1254.6691,1,361.73,361.73,0,198.686744,0.166667,0.166667,0,0.083333,1,2,1500,535.606816,432.68808,0,12
80.336636,0.6,330,330,0,0,0.1,0.1,0,0,0,1,1800,345.330572,85.297166,0,10
260.838885,1,2854.11,1797.96,1056.15,0,1,0.833333,0.916667,0,0,51,9500,2437.332725,176.283228,1,12
17.356961,0.454545,390,90,300,0,0.5,0.083333,0.5,0,0,7,2000,302.454171,74.667401,0,12
1897.672025,1,422.18,422.18,0,0,1,1,0,0,0,12,5500,2961.632199,440.30634,0,12
1032.241153,1,1005.52,464.5,541.02,0,1,0.5,0.833333,0,0,33,3000,1866.265366,237.328382,0,12
3536.601227,1,2132.93,959.1,1173.83,5340.016172,1,0.333333,1,0.75,20,74,11000,8251.146946,834.025674,0,12
21.580264,0.909091,284.72,0,284.72,0,0.666667,0,0.666667,0,0,16,5000,344.161416,155.792859,0.8,12
4211.539631,1,0,0,0,455.581546,0,0,0,0.083333,1,0,10500,1288.287239,1164.178674,0,12
1732.715258,1,3244.16,2480.85,763.31,0,1,0.666667,0.5,0,0,29,11500,5674.185857,563.827502,0,12
8939.461145,1,2490.17,905.17,1585,5309.949725,0.5,0.166667,0.416667,0.5,11,8,9500,3957.017497,4951.58548,0,12
36.567901,0.090909,1098.31,1098.31,0,0,0.083333,0.083333,0,0,0,1,4800,0,,0,12
41.754778,0.181818,636.15,636.15,0,0,0.166667,0.166667,0,0,0,5,8500,918.414211,57.150516,0.181818,12
1937.246177,1,3018.93,1702.62,1316.31,0,1,1,1,0,0,99,5000,3909.837604,444.12429,0.166667,12
99.955082,1,1222.97,202.97,1020,0,1,0.25,1,0,0,16,19500,1142.077891,185.657751,1,12
5135.604593,1,110.18,0,110.18,6551.99521,0.333333,0,0.333333,0.333333,17,4,6000,1716.998424,2463.472147,0,12
214.896542,0.636364,0,0,0,1192.015721,0,0,0,0.083333,1,0,3000,2298.902197,214.263752,0.2,12
1543.287931,1,0,0,0,36.481832,0,0,0,0.083333,1,0,1800,548.589391,529.340488,0,12
601.92037,1,983.77,603.77,380,0,0.666667,0.416667,0.25,0,0,15,2400,389.411161,219.465695,0,12
1261.05733,1,0,0,0,474.429843,0,0,0,0.25,3,0,1500,866.865018,354.381003,0,12
85.285023,0.75,423.24,287,136.24,0,0.625,0.375,0.375,0,0,9,11000,296.01675,134.448872,0,8
1903.688611,1,6079.5,4719.5,1360,10227.22894,0.916667,0.25,0.666667,0.25,22,31,7300,18552.39489,762.263884,0.416667,12
813.068705,1,439.38,439.38,0,727.658311,0.083333,0.083333,0,0.25,8,2,1200,237.996469,265.708814,0,12
1279.325142,1,1207.25,0,1207.25,0,1,0,1,0,0,59,1200,1282.705869,1300.596775,0,12
237.669312,1,259.13,259.13,0,0,0.083333,0.083333,0,0,0,1,2300,2680.635587,2503.374595,0.25,12
5747.761139,1,1627.69,0,1627.69,0,1,0,1,0,0,49,5500,2507.704747,7490.453967,0,12
7760.940543,1,0,0,0,3423.085934,0,0,0,0.5,10,0,8000,2845.010795,2459.741299,0,12
6388.108487,1,0,0,0,3768.696678,0,0,0,0.25,3,0,8000,10973.14532,2384.817152,0.083333,12
426.372628,1,5749.96,5439.96,310,0,1,1,0.25,0,0,50,12000,5711.540654,202.73209,0.833333,12
8806.866629,1,1490.94,0.02,1490.92,2813.063846,1,0.166667,1,0.166667,4,25,9000,2116.662516,3598.719728,0,12
282.934373,0.181818,0,0,0,2333.150712,0,0,0,0.083333,1,0,3000,0,,0,12
1128.229387,1,5068.88,3529.88,1539,0,1,1,1,0,0,76,4500,3904.568067,373.931063,0.083333,12
2045.541408,1,1067.28,0,1067.28,0,1,0,1,0,0,30,2000,2021.775795,3073.416298,0,12
8.520292,0.545455,64.12,64.12,0,0,0.166667,0.166667,0,0,0,2,7000,176.600545,76.462301,0,12
11278.95243,1,6855.59,2762.92,4092.67,0,0.916667,0.75,0.833333,0,0,39,18500,4868.088671,2861.890896,0,12
143.443832,0.636364,1631,0,1631,0,0.583333,0,0.583333,0,0,7,2500,2550.799492,157.269321,1,12
241.223955,0.909091,180.91,180.91,0,0,0.166667,0.166667,0,0,0,6,1400,802.858576,220.455533,0,12
1528.571561,1,0,0,0,172.931118,0,0,0,0.166667,2,0,1600,353.582373,559.030296,0,12
12474.72954,1,136.88,0,136.88,515.147607,0.166667,0,0.166667,0.166667,2,2,14000,3519.008859,3430.627754,0,12
566.147105,1,0,0,0,187.572355,0,0,0,0.083333,1,0,2000,1177.661577,190.365154,0,12
1077.606225,0.727273,343.21,343.21,0,1609.900552,0.25,0.25,0,0.333333,8,4,1500,930.328071,3245.693485,0,12
1.838084,0.272727,16.5,16.5,0,0,0.083333,0.083333,0,0,0,1,6000,57.595083,67.1925,0,12
507.144348,1,5708.18,4584.78,1123.4,0,1,0.75,0.75,0,0,47,4000,5589.952268,232.131169,1,12
816.82453,0.3,42.3,42.3,0,3967.709973,0.1,0.1,0,0.2,5,1,6000,361.853722,645.320421,0,10
1526.506915,1,46.67,46.67,0,0,0.083333,0.083333,0,0,0,1,1800,338.413344,642.547142,0,12
7957.017218,1,0,0,0,4909.937494,0,0,0,0.25,4,0,9000,677.144841,27631.45072,0,12
79.189929,1,699.12,0,699.12,0,1,0,1,0,0,24,2500,697.977603,183.858351,0.583333,12
497.908027,1,245.39,0,245.39,0,0.583333,0,0.5,0,0,7,4000,328.796655,165.308304,0,12
681.95925,1,98,98,0,0,0.166667,0.166667,0,0,0,2,4000,192.369983,221.375942,0,12
1535.248256,1,857.36,857.36,0,0,1,1,0,0,0,13,6550,3239.629759,411.871046,0.083333,12
1508.513765,0.818182,2747.12,1247.12,1500,246.046033,0.25,0.083333,0.166667,0.083333,1,4,5000,4730.374245,481.558276,0.1,12
11209.37076,1,11147.33,1137.4,10009.93,2728.576925,1,0.25,1,0.166667,8,126,11000,7932.77402,17494.90735,0,12
201.3504,1,600,0,600,0,0.5,0,0.416667,0,0,6,1000,249.066308,184.776562,0,12
2502.264409,1,0,0,0,2368.872642,0,0,0,0.083333,2,0,10000,541.308981,724.956358,0,12
4543.789386,1,255.12,5,250.12,0,0.666667,0.25,0.5,0,0,11,8500,1703.332126,1121.510137,0,12
918.342234,1,1221.53,1180,41.53,1078.788118,0.333333,0.166667,0.166667,0.166667,7,2,1200,1421.035206,106.039362,0.25,6
5066.744231,1,0,0,0,1974.503664,0,0,0,0.25,6,0,13000,1336.016317,1606.963379,0,12
2259.431829,1,780.64,199.65,580.99,1227.555485,1,0.166667,0.833333,0.333333,6,22,3500,663.553502,483.836254,0,12
437.789873,1,1532.1,223,1309.1,0,0.75,0.166667,0.666667,0,0,14,5000,1834.368953,212.770698,0,12
2025.162877,1,778.33,0,778.33,0,0.916667,0,0.916667,0,0,28,2000,1411.329676,1430.50774,0,12
3770.560441,0.875,964.06,260,704.06,5140.287889,0.875,0.125,0.75,0.625,24,8,6000,565.71913,1241.283569,0,8
140.730723,1,1667.13,1063.14,603.99,0,1,0.916667,0.833333,0,0,38,13000,1669.260634,208.701639,0.25,12
5523.999416,1,0,0,0,4087.167822,0,0,0,0.25,4,0,8000,0,,0,12
3298.692478,1,1088.83,518.39,570.44,0,0.416667,0.083333,0.333333,0,0,6,9000,6862.520735,994.384835,0,12
150.699542,0.363636,648.64,330,318.64,0,0.333333,0.083333,0.25,0,0,5,2500,0,,0,12
1874.843394,1,0,0,0,120.178123,0,0,0,0.083333,1,0,2100,444.783009,671.420908,0,12
3024.629054,1,0,0,0,2171.139178,0,0,0,0.333333,10,0,4500,4226.578611,691.692633,0,12
154.641707,0.363636,1897.92,97.92,1800,0,0.25,0.166667,0.166667,0,0,5,13500,5563.437084,248.700571,1,12
1322.057239,1,0,0,0,76.260896,0,0,0,0.090909,1,0,6200,802.038512,291.307669,0,11
62.287137,1,1263.29,279.99,983.3,0,1,1,0.583333,0,0,25,9500,1356.425369,179.894243,0.4,12
16.581535,0.125,200,0,200,0,0.125,0,0.125,0,0,2,1200,0,,0,8
4664.023286,1,340,340,0,3510.115735,0.083333,0.083333,0,0.25,8,1,6000,2162.141639,2009.821743,0,12
318.03434,1,1277.58,0,1277.58,0,1,0,1,0,0,20,7000,552.734714,173.336309,0,12
681.615445,1,4117.24,290,3827.24,0,1,0.166667,1,0,0,229,6000,4561.589382,199.730537,0,12
9335.31417,1,226.23,226.23,0,0,0.166667,0.166667,0,0,0,5,15000,1885.239981,4980.192685,0,12
6404.955912,1,3970.8,2267,1703.8,0,1,0.583333,0.916667,0,0,64,7500,3879.252512,1868.983718,0,12
133.405494,0.545455,1346.9,1028,318.9,0,0.583333,0.083333,0.416667,0,0,14,8000,1369.437449,98.678839,0.333333,12
1403.597712,1,1050.83,67.9,982.93,4083.515108,1,0.083333,1,0.25,4,24,5000,4673.520993,982.544984,0,12
469.878834,1,1364.99,64.99,1300,284.754535,0.5,0.083333,0.416667,0.166667,2,7,2000,1849.10398,263.163209,0.2,12
1452.437463,1,0,0,0,114.918715,0,0,0,0.25,3,0,1500,331.670616,479.771774,0,12
3737.175713,1,0,0,0,3017.170336,0,0,0,0.166667,4,0,4500,0,,0,12
6032.740391,1,7553.48,2643.53,4909.95,0,0.916667,0.75,1,0,0,85,13500,5377.338091,1365.123434,0,12
1692.755487,0.909091,570.16,0,570.16,2817.05225,0.833333,0,0.833333,0.333333,7,20,9000,6124.31525,362.970189,0,12
3534.253718,1,566.28,431.01,135.27,3888.756412,0.5,0.333333,0.333333,0.083333,2,17,4000,1298.823687,858.977427,0,12
654.574445,1,0,0,0,2819.60583,0,0,0,0.083333,3,0,8000,422.878799,269.178995,0,12
1648.721384,1,0,0,0,39.646806,0,0,0,0.090909,2,0,1800,357.836436,631.106468,0,11
6822.877573,1,137.34,137.34,0,4815.112874,0.083333,0.083333,0,0.666667,16,1,10000,1874.954894,1716.092764,0,12
8647.057641,1,0,0,0,5105.254316,0,0,0,0.416667,14,0,10000,2052.533488,1886.223361,0,12
5055.582822,1,0,0,0,3435.737817,0,0,0,0.090909,1,0,9000,6918.272206,1035.039239,0,11
4245.550244,1,332.82,0,332.82,6649.712062,1,0,1,0.666667,24,25,5000,5810.994681,1284.011712,0,12
541.915572,0.636364,1377.72,1377.72,0,0,0.25,0.25,0,0,0,5,2500,182.177646,200.759856,0,12
4855.340797,1,0,0,0,1886.470361,0,0,0,0.083333,2,0,6000,2996.735376,1855.766226,0,12
981.643409,0.818182,0,0,0,1462.32354,0,0,0,0.083333,2,0,1500,2008.971745,277.582819,0.125,12
7057.658848,1,360.7,360.7,0,6517.541812,0.083333,0.083333,0,0.333333,15,2,8000,5147.693822,2610.053885,0,12
4264.307261,1,222.64,0,222.64,249.298208,0.916667,0,0.833333,0.25,3,11,4500,1017.241855,1225.908506,0,12
4503.390811,1,1634.74,1376,258.74,94.837161,1,0.333333,1,0.083333,1,38,13000,1094.345336,1194.234398,0,12
969.294446,1,0,0,0,340.249539,0,0,0,0.083333,1,0,1200,591.853821,204.676682,0,12
4479.115547,1,759.15,759.15,0,2493.111705,1,1,0,0.25,6,12,6000,994.500495,1384.111493,0,12
37.753941,0.363636,243.36,243.36,0,0,0.083333,0.083333,0,0,0,2,1800,546.417272,134.985783,0.25,12
7386.704481,0.9,0,0,0,10713.8746,0,0,0,0.4,14,0,10500,7566.577763,1943.431564,0.1,10
1265.805627,0.818182,0,0,0,2820.528417,0,0,0,0.25,3,0,2500,1370.235544,373.893161,0,12
598.78776,1,519,0,519,0,0.818182,0,0.636364,0,0,9,4500,621.255763,210.248259,0,11
3143.928913,1,3055.87,3055.87,0,0,0.75,0.75,0,0,0,26,4500,2198.293667,784.387878,0,12
5580.530306,1,2470.4,457.73,2012.67,1652.878895,0.5,0.083333,0.5,0.083333,1,19,9500,3340.041274,3024.949485,0,12
576.635957,1,1671.6,480,1191.6,0,1,0.333333,1,0,0,48,1800,1021.907217,179.585842,0,12
51.818382,0.454545,903.36,903.36,0,0,0.25,0.25,0,0,0,6,15000,538.841222,41.302445,0,12
1036.595935,1,0,0,0,193.738137,0,0,0,0.083333,1,0,1200,274.653536,327.072615,0,12
21.12921,0.545455,229.5,54,175.5,0,0.5,0.083333,0.416667,0,0,7,3150,423.206638,157.471831,0.714286,12
1534.969344,1,1476.19,1476.19,0,0,1,1,0,0,0,23,2500,1493.919986,382.989143,0,12
4994.04832,1,2506.89,2506.89,0,0,0.75,0.75,0,0,0,30,8500,1230.219396,1646.973276,0,12
4700.106602,1,2570,492.46,2077.54,124.563782,0.75,0.166667,0.666667,0.166667,2,40,4500,3259.958288,5620.295192,0,12
9601.071318,1,238.34,0,238.34,4809.11955,0.833333,0,0.833333,1,8,5,15000,1194.510762,1206.257247,0,6
1207.888199,0.875,1342.36,1037.96,304.4,1738.109478,0.875,0.875,0.5,0.25,2,27,4000,288.883026,312.026316,0,8
87.442862,0.818182,786.32,186.32,600,0,0.636364,0.090909,0.545455,0,0,7,7500,881.284581,97.186371,0.666667,11
123.394089,0.909091,1450.68,0,1450.68,0,1,0,1,0,0,20,6000,1583.421932,137.826186,0.454545,12
395.052994,1,1239.46,752.28,487.18,0,0.666667,0.416667,0.416667,0,0,14,1500,401.217047,177.766827,0,12
1715.459275,1,96.75,34.65,62.1,19.141227,0.333333,0.083333,0.25,0.083333,1,7,1800,452.225512,411.612521,0,12
1492.039988,1,4106.15,2688.46,1417.69,734.816479,0.333333,0.25,0.416667,0.083333,1,50,12000,9678.173119,606.899183,0.5,12
636.669685,1,2022.38,1892.38,130,0,0.916667,0.916667,0.333333,0,0,19,6000,939.306791,301.000749,0,12
223.772475,1,3654.08,291.41,3362.67,0,1,0.166667,1,0,0,32,2500,3301.334578,180.338402,0.333333,12
1122.603377,1,883.73,457.62,426.11,0,0.833333,0.333333,0.75,0,0,26,3000,632.062443,568.410749,0,12
805.131074,1,795.54,167.4,628.14,418.482499,1,0.166667,1,0.083333,1,20,1700,1804.065076,261.258072,0,12
869.001444,1,0,0,0,278.591282,0,0,0,0.083333,1,0,1200,541.101815,286.374289,0,12
4458.055159,1,0,0,0,2806.959645,0,0,0,0.583333,18,0,7500,1088.755323,1189.693931,0,12
2070.069187,1,1382.57,1077.75,304.82,0,1,0.666667,0.833333,0,0,33,2400,1580.0815,466.772558,0,12
52.229659,1,565.5,0,565.5,101.137379,1,0,1,0.083333,1,14,8500,2768.795805,199.803721,0.25,12
6426.639738,1,4462.86,2816.46,1646.4,4599.625146,1,0.833333,0.916667,0.333333,11,103,11800,1793.043228,3101.01703,0,12
206.596865,0.363636,1726.67,1726.67,0,0,0.166667,0.166667,0,0,0,4,6000,4804.383296,128.834658,0,12
5810.748774,1,217,217,0,12377.36037,0.166667,0.166667,0,0.583333,16,2,9000,10428.37611,1599.353926,0.166667,12
3872.605467,1,0,0,0,1483.933054,0,0,0,0.416667,8,0,4000,1067.405461,911.08543,0,12
2597.400267,1,1748.73,518.44,1230.29,0,1,0.416667,1,0,0,31,6500,2497.488126,1584.520204,0,12
1481.43247,1,0,0,0,149.36039,0,0,0,0.083333,1,0,1800,586.426259,494.954634,0,12
1135.53683,1,50.98,0,50.98,0,0.333333,0,0.333333,0,0,4,1200,320.592941,385.347014,0,12
3430.981532,1,378.04,0,378.04,0,0.166667,0,0.166667,0,0,4,11300,4315.936534,4483.503862,0,12
4102.599015,1,1483.12,1085.19,397.93,1992.715742,0.833333,0.25,0.583333,0.166667,3,30,5000,1357.36111,1919.690041,0,12
150.952465,0.727273,6407.67,3725.33,2682.34,0,1,0.666667,1,0,0,44,14500,3484.429075,108.937025,0.3,12
3170.537693,0.909091,0,0,0,1161.103112,0,0,0,0.181818,2,0,3500,547.23924,1111.251287,0,11
911.281862,1,70,70,0,0,0.083333,0.083333,0,0,0,1,8500,566.292758,218.497636,0,12
45.753138,0.545455,449.96,0,449.96,0,0.5,0,0.5,0,0,8,7000,1023.209164,127.78905,0.6,12
456.648662,1,3355.33,2305.33,1050,0,0.916667,0.583333,0.833333,0,0,27,6500,2087.871747,207.584121,0.363636,12
198.035504,0.545455,0,0,0,14371.78789,0,0,0,0.25,3,0,10000,14481.46544,19.492021,0,12
473.840442,0.727273,0,0,0,818.124484,0,0,0,0.333333,12,0,3000,142.286073,164.391437,0,12
285.813075,1,3220.09,2941.39,278.7,0,1,1,0.416667,0,0,24,15000,826.764555,212.075152,1,12
204.329381,1,6558.55,6558.55,0,0,1,1,0,0,0,74,7000,5872.707939,169.703195,0.916667,12
3690.177649,1,0,0,0,1328.643945,0,0,0,0.5,11,0,4000,1006.358943,1819.542692,0,12
327.445978,1,4305.05,2905.71,1399.34,0,1,0.916667,0.916667,0,0,38,9500,4030.061017,197.534405,0.666667,12
6856.045926,1,262.1,262.1,0,3053.777459,0.166667,0.166667,0,0.333333,13,5,13000,1629.239381,1998.044046,0,12
155.644239,0.727273,1626.83,828.85,797.98,0,0.75,0.75,0.166667,0,0,17,13000,1924.101393,123.522314,0.571429,12
4263.008734,1,3522.57,1482,2040.57,2485.845274,1,0.333333,1,0.25,6,25,6000,1165.621928,1520.54755,0,12
10249.71178,1,0,0,0,2438.356719,0,0,0,0.333333,9,0,18000,2662.365409,2539.198217,0,12
813.185305,1,8194.05,7280.27,913.78,0,1,1,1,0,0,121,6000,7069.804042,216.277252,0.583333,12
911.893997,1,1604.8,1527.3,77.5,1302.014616,0.25,0.25,0.083333,0.083333,2,11,4500,191.366024,307.812023,0.083333,12
3563.23692,1,709.9,609.9,100,779.264494,1,1,0.083333,0.166667,2,16,7000,826.576112,817.39586,0,12
12478.17286,1,174,174,0,3269.418821,0.25,0.25,0,0.666667,21,3,14000,3251.190662,3872.099498,0,12
2061.27937,1,0,0,0,554.11523,0,0,0,0.25,3,0,4500,552.713988,585.776445,0,12
1556.376158,1,0,0,0,655.037683,0,0,0,0.583333,16,0,1700,1076.722225,1206.741644,0,12
126.207012,0.636364,913,0,913,0,0.416667,0,0.333333,0,0,5,7500,1718.487894,140.181283,1,12